<?xml version="1.0" encoding="UTF-8"?>
<project-private xmlns="http://www.netbeans.org/ns/project-private/1">
    <editor-bookmarks xmlns="http://www.netbeans.org/ns/editor-bookmarks/2" lastBookmarkId="1">
        <file>
            <url>src/estacion/graficaTemperatura.java</url>
            <bookmark id="1">
                <name/>
                <line>38</line>
                <key/>
            </bookmark>
        </file>
    </editor-bookmarks>
    <open-files xmlns="http://www.netbeans.org/ns/projectui-open-files/2">
        <group>
            <file>file:/home/jpanequeg/Escritorio/DS/Estacion-13-03-22/Estacion/src/GUI/EstacionGUI.java</file>
            <file>file:/home/jpanequeg/Escritorio/DS/Estacion-13-03-22/Estacion/src/GUI/Tabla.java</file>
            <file>file:/home/jpanequeg/Escritorio/DS/Estacion-13-03-22/Estacion/src/estacion/Cambio.java</file>
            <file>file:/home/jpanequeg/Escritorio/DS/Estacion-13-03-22/Estacion/src/GUI/pantallaGUI.java</file>
            <file>file:/home/jpanequeg/Escritorio/DS/Estacion-13-03-22/Estacion/src/estacion/pantallaTemperatura.java</file>
            <file>file:/home/jpanequeg/Escritorio/DS/Estacion-13-03-22/Estacion/src/estacion/hebra1.java</file>
            <file>file:/home/jpanequeg/Escritorio/DS/Estacion-13-03-22/Estacion/src/GUI/CambioGUI.java</file>
            <file>file:/home/jpanequeg/Escritorio/DS/Estacion-13-03-22/Estacion/src/estacion/graficaTemperatura.java</file>
            <file>file:/home/jpanequeg/Escritorio/DS/Estacion-13-03-22/Estacion/src/estacion/SujetoObservable.java</file>
        </group>
    </open-files>
</project-private>
