<?xml version="1.0" encoding="UTF-8"?>
<project-private xmlns="http://www.netbeans.org/ns/project-private/1">
    <editor-bookmarks xmlns="http://www.netbeans.org/ns/editor-bookmarks/2" lastBookmarkId="1">
        <file>
            <url>src/estacion/graficaTemperatura.java</url>
            <bookmark id="1">
                <name/>
                <line>38</line>
                <key/>
            </bookmark>
        </file>
    </editor-bookmarks>
    <open-files xmlns="http://www.netbeans.org/ns/projectui-open-files/2">
        <group>
            <file>file:/home/emilio/Escritorio/DS/P1/Estacion/src/GUI/EjemploGraficaBarrasJFreeChart.java</file>
            <file>file:/home/emilio/Escritorio/DS/P1/Estacion/src/GUI/GraficasChartBarras.java</file>
            <file>file:/home/emilio/Escritorio/DS/P1/Estacion/src/GUI/EstacionGUI.java</file>
        </group>
    </open-files>
</project-private>
