<?xml version="1.0" encoding="UTF-8"?>
<project-private xmlns="http://www.netbeans.org/ns/project-private/1">
    <data xmlns="http://www.netbeans.org/ns/make-project-private/1">
        <activeConfTypeElem>1</activeConfTypeElem>
        <activeConfIndexElem>0</activeConfIndexElem>
    </data>
    <editor-bookmarks xmlns="http://www.netbeans.org/ns/editor-bookmarks/2" lastBookmarkId="0"/>
    <open-files xmlns="http://www.netbeans.org/ns/projectui-open-files/2">
        <group>
            <file>file:/home/jpanequeg/Escritorio/DS/Equipo/Tarjeta.cpp</file>
            <file>file:/home/jpanequeg/Escritorio/DS/Equipo/VisitantePrecio.h</file>
            <file>file:/home/jpanequeg/Escritorio/DS/Equipo/Disco.h</file>
            <file>file:/home/jpanequeg/Escritorio/DS/Equipo/VisitantePrecioDetalle.h</file>
            <file>file:/home/jpanequeg/Escritorio/DS/Equipo/VisitanteEquipo.h</file>
            <file>file:/home/jpanequeg/Escritorio/DS/Equipo/main.cpp</file>
            <file>file:/home/jpanequeg/Escritorio/DS/Equipo/Tarjeta.h</file>
            <file>file:/home/jpanequeg/Escritorio/DS/Equipo/VisitantePrecioDetalle.cpp</file>
            <file>file:/home/jpanequeg/Escritorio/DS/Equipo/Bus.h</file>
            <file>file:/home/jpanequeg/Escritorio/DS/Equipo/Bus.cpp</file>
            <file>file:/home/jpanequeg/Escritorio/DS/Equipo/VisitantePrecio.cpp</file>
            <file>file:/home/jpanequeg/Escritorio/DS/Equipo/ComponenteEquipo.h</file>
            <file>file:/home/jpanequeg/Escritorio/DS/Equipo/VisitanteEquipo.cpp</file>
            <file>file:/home/jpanequeg/Escritorio/DS/Equipo/Disco.cpp</file>
        </group>
    </open-files>
</project-private>
