<?xml version="1.0" encoding="UTF-8"?>
<project-private xmlns="http://www.netbeans.org/ns/project-private/1">
    <editor-bookmarks xmlns="http://www.netbeans.org/ns/editor-bookmarks/2" lastBookmarkId="0"/>
    <open-files xmlns="http://www.netbeans.org/ns/projectui-open-files/2">
        <group>
            <file>file:/home/jpanequeg/Escritorio/DS/practicasD/Estacion/src/estacion/SujetoObservable.java</file>
            <file>file:/home/jpanequeg/Escritorio/DS/practicasD/Estacion/src/GUI/EstacionGUI.java</file>
            <file>file:/home/jpanequeg/Escritorio/DS/practicasD/Estacion/src/estacion/graficaTemperatura.java</file>
            <file>file:/home/jpanequeg/Escritorio/DS/practicasD/Estacion/src/estacion/hebra1.java</file>
            <file>file:/home/jpanequeg/Escritorio/DS/practicasD/Estacion/src/estacion/Estacion.java</file>
        </group>
    </open-files>
</project-private>
